{"cameraMode":{"drawMode":0,"name":"Shaded","section":"Shading Mode"},"sceneLighting":true,"audioPlay":false,"sceneViewState":{"showFog":true,"showMaterialUpdate":true,"showSkybox":true,"showFlares":true,"showImageEffects":true,"showParticleSystems":true},"in2DMode":false,"pivot":{"x":-4.199441909790039,"y":-63.96800994873047,"z":201.3210906982422},"rotation":{"x":-0.2807167172431946,"y":0.21083687245845796,"z":-0.0633678212761879,"w":-0.9341878890991211},"size":133.0818634033203,"orthographic":false}