{"cameraMode":{"drawMode":0,"name":"Shaded","section":"Shading Mode"},"sceneLighting":true,"audioPlay":false,"sceneViewState":{"showFog":true,"showMaterialUpdate":true,"showSkybox":true,"showFlares":true,"showImageEffects":true,"showParticleSystems":true},"in2DMode":false,"pivot":{"x":-5.3417463302612309,"y":338.15997314453127,"z":-139.8667449951172},"rotation":{"x":-0.5237851142883301,"y":0.18329685926437379,"z":-0.1165744885802269,"w":-0.823672890663147},"size":37.99222183227539,"orthographic":false}